{
  "id": "3670057",
  "name": "无敌暴龙战士",
  "font_family": "iconfont",
  "css_prefix_text": "icon-",
  "description": "Xxx",
  "glyphs": [
    {
      "icon_id": "767309",
      "name": "客服",
      "font_class": "customer",
      "unicode": "e69f",
      "unicode_decimal": 59039
    },
    {
      "icon_id": "12842778",
      "name": "w_书写",
      "font_class": "w_shuxie",
      "unicode": "e67a",
      "unicode_decimal": 59002
    },
    {
      "icon_id": "1005790",
      "name": "安卓",
      "font_class": "changyonglogo37",
      "unicode": "e71e",
      "unicode_decimal": 59166
    },
    {
      "icon_id": "1277492",
      "name": "苹果",
      "font_class": "pingguo",
      "unicode": "e60b",
      "unicode_decimal": 58891
    },
    {
      "icon_id": "5388069",
      "name": "眼睛_显示_o",
      "font_class": "yanjing_xianshi_o",
      "unicode": "ebcc",
      "unicode_decimal": 60364
    },
    {
      "icon_id": "5388071",
      "name": "眼睛_隐藏_o",
      "font_class": "yanjing_yincang_o",
      "unicode": "ebcd",
      "unicode_decimal": 60365
    },
    {
      "icon_id": "2076266",
      "name": "扫一扫",
      "font_class": "saoyisao",
      "unicode": "e891",
      "unicode_decimal": 59537
    },
    {
      "icon_id": "5387875",
      "name": "加载_刷新_o",
      "font_class": "jiazai_shuaxin_o",
      "unicode": "eb7b",
      "unicode_decimal": 60283
    },
    {
      "icon_id": "1377",
      "name": "提升",
      "font_class": "tisheng",
      "unicode": "e607",
      "unicode_decimal": 58887
    },
    {
      "icon_id": "3865276",
      "name": "书本",
      "font_class": "shuben",
      "unicode": "e608",
      "unicode_decimal": 58888
    },
    {
      "icon_id": "4539897",
      "name": "点赞",
      "font_class": "dianzan",
      "unicode": "e618",
      "unicode_decimal": 58904
    },
    {
      "icon_id": "20009256",
      "name": "crosshair瞄准",
      "font_class": "crosshairmiaozhun",
      "unicode": "e6dc",
      "unicode_decimal": 59100
    },
    {
      "icon_id": "5649801",
      "name": "手机",
      "font_class": "shouji",
      "unicode": "e605",
      "unicode_decimal": 58885
    },
    {
      "icon_id": "1259",
      "name": "位置",
      "font_class": "weizhi1",
      "unicode": "e604",
      "unicode_decimal": 58884
    },
    {
      "icon_id": "1305053",
      "name": "定位",
      "font_class": "dingwei",
      "unicode": "e62f",
      "unicode_decimal": 58927
    },
    {
      "icon_id": "1833855",
      "name": "下箭头",
      "font_class": "xiajiantou1",
      "unicode": "e733",
      "unicode_decimal": 59187
    },
    {
      "icon_id": "7594048",
      "name": "24gl-play",
      "font_class": "24gl-play",
      "unicode": "ea6d",
      "unicode_decimal": 60013
    },
    {
      "icon_id": "2076218",
      "name": "播放2",
      "font_class": "bofang",
      "unicode": "e87c",
      "unicode_decimal": 59516
    },
    {
      "icon_id": "7594157",
      "name": "24gf-playCircle",
      "font_class": "24gf-playCircle",
      "unicode": "ea82",
      "unicode_decimal": 60034
    },
    {
      "icon_id": "49355",
      "name": "天猫购物车 ",
      "font_class": "gouwuche2",
      "unicode": "e602",
      "unicode_decimal": 58882
    },
    {
      "icon_id": "6940828",
      "name": "右-箭头",
      "font_class": "you-jiantou",
      "unicode": "e657",
      "unicode_decimal": 58967
    },
    {
      "icon_id": "4770756",
      "name": "右箭头",
      "font_class": "youjiantou2",
      "unicode": "e642",
      "unicode_decimal": 58946
    },
    {
      "icon_id": "17830628",
      "name": "左箭头",
      "font_class": "zuojiantou",
      "unicode": "e603",
      "unicode_decimal": 58883
    },
    {
      "icon_id": "630126",
      "name": "眼睛",
      "font_class": "yanjing",
      "unicode": "e661",
      "unicode_decimal": 58977
    },
    {
      "icon_id": "667401",
      "name": "分享",
      "font_class": "fenxiang",
      "unicode": "e6a5",
      "unicode_decimal": 59045
    },
    {
      "icon_id": "1638281",
      "name": "下箭头",
      "font_class": "xiajiantou",
      "unicode": "e611",
      "unicode_decimal": 58897
    },
    {
      "icon_id": "2076191",
      "name": "分享",
      "font_class": "fenxiang1",
      "unicode": "e86e",
      "unicode_decimal": 59502
    },
    {
      "icon_id": "5037716",
      "name": "上箭头",
      "font_class": "shangjiantou",
      "unicode": "e629",
      "unicode_decimal": 58921
    },
    {
      "icon_id": "5244556",
      "name": "笔",
      "font_class": "bi",
      "unicode": "e617",
      "unicode_decimal": 58903
    },
    {
      "icon_id": "5288587",
      "name": "垃圾桶",
      "font_class": "lajitong",
      "unicode": "e66b",
      "unicode_decimal": 58987
    },
    {
      "icon_id": "11372666",
      "name": "分享",
      "font_class": "fenxiang2",
      "unicode": "e8b0",
      "unicode_decimal": 59568
    },
    {
      "icon_id": "5706",
      "name": "七天无理由退换货",
      "font_class": "qitianwuliyoutuihuanhuo",
      "unicode": "e600",
      "unicode_decimal": 58880
    },
    {
      "icon_id": "90513",
      "name": "15天无理由退货",
      "font_class": "15tianwuliyoutuihuo",
      "unicode": "e606",
      "unicode_decimal": 58886
    },
    {
      "icon_id": "629357",
      "name": "搜索",
      "font_class": "sousuo",
      "unicode": "e651",
      "unicode_decimal": 58961
    },
    {
      "icon_id": "720958",
      "name": "个人中心",
      "font_class": "xiazai",
      "unicode": "e601",
      "unicode_decimal": 58881
    },
    {
      "icon_id": "1069748",
      "name": "返回顶部",
      "font_class": "fanhuidingbu",
      "unicode": "e65b",
      "unicode_decimal": 58971
    },
    {
      "icon_id": "1133826",
      "name": "售后服务",
      "font_class": "shouhoufuwu",
      "unicode": "e65e",
      "unicode_decimal": 58974
    },
    {
      "icon_id": "2076277",
      "name": " 店铺",
      "font_class": "dianpu",
      "unicode": "e895",
      "unicode_decimal": 59541
    },
    {
      "icon_id": "3216242",
      "name": "礼盒",
      "font_class": "icon--",
      "unicode": "e790",
      "unicode_decimal": 59280
    },
    {
      "icon_id": "3456452",
      "name": "购物车",
      "font_class": "gouwuche",
      "unicode": "e70b",
      "unicode_decimal": 59147
    },
    {
      "icon_id": "4327549",
      "name": "位置",
      "font_class": "weizhi",
      "unicode": "e641",
      "unicode_decimal": 58945
    },
    {
      "icon_id": "6102942",
      "name": "七天无理由退换",
      "font_class": "qitianwuliyoutuihuan",
      "unicode": "e63d",
      "unicode_decimal": 58941
    },
    {
      "icon_id": "6940830",
      "name": "右箭头",
      "font_class": "youjiantou",
      "unicode": "e658",
      "unicode_decimal": 58968
    },
    {
      "icon_id": "7587983",
      "name": "右箭头",
      "font_class": "youjiantou1",
      "unicode": "e61a",
      "unicode_decimal": 58906
    },
    {
      "icon_id": "11372721",
      "name": "相机",
      "font_class": "xiangji",
      "unicode": "e8bc",
      "unicode_decimal": 59580
    },
    {
      "icon_id": "18201537",
      "name": "售后服务1",
      "font_class": "shouhoufuwu1",
      "unicode": "e60f",
      "unicode_decimal": 58895
    },
    {
      "icon_id": "26535264",
      "name": "消息",
      "font_class": "xiaoxi",
      "unicode": "e628",
      "unicode_decimal": 58920
    },
    {
      "icon_id": "26856769",
      "name": "工具/螺丝刀",
      "font_class": "a-xiangzuo_hua_huaban1",
      "unicode": "e636",
      "unicode_decimal": 58934
    }
  ]
}
